-- ============================================
-- OMNIGO Seed Data
-- Dữ liệu mẫu cho development & testing
-- ============================================

-- ============ TENANT ============
INSERT INTO tenants (id, name, slug, phone, email, address, city, business_type, settings) VALUES
('a0000000-0000-0000-0000-000000000001', 'Cửa hàng OMNIGO Demo', 'omnigo-demo', '0901234567', 'demo@omnigo.vn', '123 Nguyễn Huệ, Q.1', 'Hồ Chí Minh', 'retail', '{"invoice_prefix": "HD", "loyalty_enabled": true, "tax_default": 10}');

-- ============ BRANCHES ============
INSERT INTO tenant_branches (id, tenant_id, name, code, phone, address, city, is_main, is_active) VALUES
('b0000000-0000-0000-0000-000000000001', 'a0000000-0000-0000-0000-000000000001', 'Chi nhánh Quận 1', 'CN01', '0901234567', '123 Nguyễn Huệ, Q.1', 'Hồ Chí Minh', true, true),
('b0000000-0000-0000-0000-000000000002', 'a0000000-0000-0000-0000-000000000001', 'Chi nhánh Quận 7', 'CN02', '0907654321', '456 Nguyễn Thị Thập, Q.7', 'Hồ Chí Minh', false, true);

-- ============ PERMISSIONS ============
INSERT INTO permissions (id, code, module, action, description) VALUES
-- Product
('e1000000-0000-0000-0000-000000000001', 'product.create', 'product', 'create', 'Tạo sản phẩm'),
('e1000000-0000-0000-0000-000000000002', 'product.read', 'product', 'read', 'Xem sản phẩm'),
('e1000000-0000-0000-0000-000000000003', 'product.update', 'product', 'update', 'Sửa sản phẩm'),
('e1000000-0000-0000-0000-000000000004', 'product.delete', 'product', 'delete', 'Xóa sản phẩm'),
-- Order
('e1000000-0000-0000-0000-000000000005', 'order.create', 'order', 'create', 'Tạo đơn hàng'),
('e1000000-0000-0000-0000-000000000006', 'order.read', 'order', 'read', 'Xem đơn hàng'),
('e1000000-0000-0000-0000-000000000007', 'order.update', 'order', 'update', 'Sửa đơn hàng'),
('e1000000-0000-0000-0000-000000000008', 'order.delete', 'order', 'delete', 'Hủy đơn hàng'),
('e1000000-0000-0000-0000-000000000009', 'order.refund', 'order', 'refund', 'Đổi/trả hàng'),
-- Customer
('e1000000-0000-0000-0000-000000000010', 'customer.create', 'customer', 'create', 'Tạo khách hàng'),
('e1000000-0000-0000-0000-000000000011', 'customer.read', 'customer', 'read', 'Xem khách hàng'),
('e1000000-0000-0000-0000-000000000012', 'customer.update', 'customer', 'update', 'Sửa khách hàng'),
-- Inventory
('e1000000-0000-0000-0000-000000000013', 'inventory.read', 'inventory', 'read', 'Xem tồn kho'),
('e1000000-0000-0000-0000-000000000014', 'inventory.manage', 'inventory', 'manage', 'Quản lý kho'),
-- Report
('e1000000-0000-0000-0000-000000000015', 'report.view', 'report', 'read', 'Xem báo cáo'),
('e1000000-0000-0000-0000-000000000016', 'report.export', 'report', 'export', 'Xuất báo cáo'),
-- Employee
('e1000000-0000-0000-0000-000000000017', 'employee.manage', 'employee', 'manage', 'Quản lý nhân viên'),
-- Settings
('e1000000-0000-0000-0000-000000000018', 'settings.manage', 'settings', 'manage', 'Quản lý cài đặt'),
-- Finance
('e1000000-0000-0000-0000-000000000019', 'finance.manage', 'finance', 'manage', 'Quản lý tài chính'),
-- Marketing
('e1000000-0000-0000-0000-000000000020', 'marketing.manage', 'marketing', 'manage', 'Quản lý marketing');

-- ============ ROLES ============
INSERT INTO roles (id, tenant_id, name, display_name, description, is_system) VALUES
('e2000000-0000-0000-0000-000000000001', 'a0000000-0000-0000-0000-000000000001', 'owner', 'Chủ cửa hàng', 'Full quyền', true),
('e2000000-0000-0000-0000-000000000002', 'a0000000-0000-0000-0000-000000000001', 'manager', 'Quản lý', 'Quản lý kho, NV, báo cáo', true),
('e2000000-0000-0000-0000-000000000003', 'a0000000-0000-0000-0000-000000000001', 'cashier', 'Thu ngân', 'Bán hàng, thu tiền', true),
('e2000000-0000-0000-0000-000000000004', 'a0000000-0000-0000-0000-000000000001', 'staff', 'Nhân viên', 'Xem, tạo đơn', true);

-- ============ ROLE PERMISSIONS ============
-- Owner: ALL permissions
INSERT INTO role_permissions (role_id, permission_id)
SELECT 'e2000000-0000-0000-0000-000000000001', id FROM permissions;

-- Manager: all except settings
INSERT INTO role_permissions (role_id, permission_id)
SELECT 'e2000000-0000-0000-0000-000000000002', id FROM permissions WHERE code NOT IN ('settings.manage');

-- Cashier: sell + view
INSERT INTO role_permissions (role_id, permission_id)
SELECT 'e2000000-0000-0000-0000-000000000003', id FROM permissions WHERE code IN (
    'product.read', 'order.create', 'order.read', 'order.update',
    'customer.create', 'customer.read', 'customer.update', 'inventory.read'
);

-- Staff: view only + create orders
INSERT INTO role_permissions (role_id, permission_id)
SELECT 'e2000000-0000-0000-0000-000000000004', id FROM permissions WHERE code IN (
    'product.read', 'order.create', 'order.read', 'customer.read', 'inventory.read'
);

-- ============ CATEGORIES ============
INSERT INTO categories (id, tenant_id, parent_id, name, slug, sort_order) VALUES
('c0000000-0000-0000-0000-000000000001', 'a0000000-0000-0000-0000-000000000001', NULL, 'Thời trang', 'thoi-trang', 1),
('c0000000-0000-0000-0000-000000000002', 'a0000000-0000-0000-0000-000000000001', 'c0000000-0000-0000-0000-000000000001', 'Áo', 'ao', 1),
('c0000000-0000-0000-0000-000000000003', 'a0000000-0000-0000-0000-000000000001', 'c0000000-0000-0000-0000-000000000001', 'Quần', 'quan', 2),
('c0000000-0000-0000-0000-000000000004', 'a0000000-0000-0000-0000-000000000001', 'c0000000-0000-0000-0000-000000000001', 'Giày dép', 'giay-dep', 3),
('c0000000-0000-0000-0000-000000000005', 'a0000000-0000-0000-0000-000000000001', NULL, 'Đồ uống', 'do-uong', 2),
('c0000000-0000-0000-0000-000000000006', 'a0000000-0000-0000-0000-000000000001', 'c0000000-0000-0000-0000-000000000005', 'Trà sữa', 'tra-sua', 1),
('c0000000-0000-0000-0000-000000000007', 'a0000000-0000-0000-0000-000000000001', 'c0000000-0000-0000-0000-000000000005', 'Cà phê', 'ca-phe', 2),
('c0000000-0000-0000-0000-000000000008', 'a0000000-0000-0000-0000-000000000001', NULL, 'Phụ kiện', 'phu-kien', 3),
('c0000000-0000-0000-0000-000000000009', 'a0000000-0000-0000-0000-000000000001', NULL, 'Thực phẩm', 'thuc-pham', 4),
('c0000000-0000-0000-0000-000000000010', 'a0000000-0000-0000-0000-000000000001', NULL, 'Điện tử', 'dien-tu', 5);

-- ============ PRODUCTS ============
INSERT INTO products (id, tenant_id, category_id, name, slug, sku, barcode, base_price, cost_price, tax_rate, base_unit, attributes, tags) VALUES
('d0000000-0000-0000-0000-000000000001', 'a0000000-0000-0000-0000-000000000001', 'c0000000-0000-0000-0000-000000000002', 'Áo thun basic cotton', 'ao-thun-basic', 'AT001', '8935001000001', 199000, 89000, 10, 'cái', '{"material": "cotton 100%", "origin": "Việt Nam"}', ARRAY['áo thun', 'basic', 'cotton']),
('d0000000-0000-0000-0000-000000000002', 'a0000000-0000-0000-0000-000000000001', 'c0000000-0000-0000-0000-000000000002', 'Áo polo nam', 'ao-polo-nam', 'AP001', '8935001000002', 349000, 159000, 10, 'cái', '{"material": "cotton polyester", "collar": "polo"}', ARRAY['áo polo', 'nam']),
('d0000000-0000-0000-0000-000000000003', 'a0000000-0000-0000-0000-000000000001', 'c0000000-0000-0000-0000-000000000003', 'Quần jean slim fit', 'quan-jean-slim', 'QJ001', '8935001000003', 459000, 199000, 10, 'cái', '{"material": "denim", "fit": "slim"}', ARRAY['quần jean', 'slim fit']),
('d0000000-0000-0000-0000-000000000004', 'a0000000-0000-0000-0000-000000000001', 'c0000000-0000-0000-0000-000000000004', 'Giày sneaker trắng', 'giay-sneaker-trang', 'GS001', '8935001000004', 599000, 280000, 10, 'đôi', '{"material": "da PU", "sole": "cao su"}', ARRAY['giày', 'sneaker']),
('d0000000-0000-0000-0000-000000000005', 'a0000000-0000-0000-0000-000000000001', 'c0000000-0000-0000-0000-000000000006', 'Trà sữa trân châu', 'tra-sua-tran-chau', 'TS001', '8935001000005', 35000, 12000, 10, 'ly', '{"size_options": ["M", "L"], "topping": "trân châu đen"}', ARRAY['trà sữa', 'best seller']),
('d0000000-0000-0000-0000-000000000006', 'a0000000-0000-0000-0000-000000000001', 'c0000000-0000-0000-0000-000000000007', 'Cà phê sữa đá', 'ca-phe-sua-da', 'CF001', '8935001000006', 29000, 8000, 10, 'ly', '{"type": "robusta", "milk": true}', ARRAY['cà phê', 'sữa đá']),
('d0000000-0000-0000-0000-000000000007', 'a0000000-0000-0000-0000-000000000001', 'c0000000-0000-0000-0000-000000000008', 'Túi tote canvas', 'tui-tote-canvas', 'TT001', '8935001000007', 149000, 55000, 10, 'cái', '{"material": "canvas", "size": "40x35cm"}', ARRAY['túi', 'tote']),
('d0000000-0000-0000-0000-000000000008', 'a0000000-0000-0000-0000-000000000001', 'c0000000-0000-0000-0000-000000000009', 'Bánh mì Sài Gòn', 'banh-mi-sai-gon', 'BM001', '8935001000008', 25000, 10000, 10, 'ổ', '{"type": "truyền thống"}', ARRAY['bánh mì', 'thức ăn nhanh']),
('d0000000-0000-0000-0000-000000000009', 'a0000000-0000-0000-0000-000000000001', 'c0000000-0000-0000-0000-000000000010', 'Tai nghe Bluetooth TWS', 'tai-nghe-bluetooth', 'TN001', '8935001000009', 250000, 120000, 10, 'cái', '{"connectivity": "bluetooth 5.3", "battery": "6h"}', ARRAY['tai nghe', 'bluetooth']),
('d0000000-0000-0000-0000-000000000010', 'a0000000-0000-0000-0000-000000000001', 'c0000000-0000-0000-0000-000000000010', 'Sạc dự phòng 10000mAh', 'sac-du-phong', 'SD001', '8935001000010', 299000, 140000, 10, 'cái', '{"capacity": "10000mAh", "ports": "USB-C, USB-A"}', ARRAY['sạc', 'pin dự phòng']);

-- ============ PRODUCT VARIANTS ============
INSERT INTO product_variants (id, product_id, tenant_id, name, sku, barcode, price, attributes) VALUES
-- Áo thun basic - 4 size x 3 màu
('e3000000-0000-0000-0000-000000000001', 'd0000000-0000-0000-0000-000000000001', 'a0000000-0000-0000-0000-000000000001', 'Trắng / S', 'AT001-WH-S', '8935001000011', NULL, '{"color": "Trắng", "size": "S"}'),
('e3000000-0000-0000-0000-000000000002', 'd0000000-0000-0000-0000-000000000001', 'a0000000-0000-0000-0000-000000000001', 'Trắng / M', 'AT001-WH-M', '8935001000012', NULL, '{"color": "Trắng", "size": "M"}'),
('e3000000-0000-0000-0000-000000000003', 'd0000000-0000-0000-0000-000000000001', 'a0000000-0000-0000-0000-000000000001', 'Trắng / L', 'AT001-WH-L', '8935001000013', NULL, '{"color": "Trắng", "size": "L"}'),
('e3000000-0000-0000-0000-000000000004', 'd0000000-0000-0000-0000-000000000001', 'a0000000-0000-0000-0000-000000000001', 'Đen / S', 'AT001-BK-S', '8935001000014', NULL, '{"color": "Đen", "size": "S"}'),
('e3000000-0000-0000-0000-000000000005', 'd0000000-0000-0000-0000-000000000001', 'a0000000-0000-0000-0000-000000000001', 'Đen / M', 'AT001-BK-M', '8935001000015', NULL, '{"color": "Đen", "size": "M"}'),
('e3000000-0000-0000-0000-000000000006', 'd0000000-0000-0000-0000-000000000001', 'a0000000-0000-0000-0000-000000000001', 'Đen / L', 'AT001-BK-L', '8935001000016', NULL, '{"color": "Đen", "size": "L"}'),
-- Quần jean - 3 size
('e3000000-0000-0000-0000-000000000007', 'd0000000-0000-0000-0000-000000000003', 'a0000000-0000-0000-0000-000000000001', 'Size 29', 'QJ001-29', '8935001000017', NULL, '{"size": "29"}'),
('e3000000-0000-0000-0000-000000000008', 'd0000000-0000-0000-0000-000000000003', 'a0000000-0000-0000-0000-000000000001', 'Size 30', 'QJ001-30', '8935001000018', NULL, '{"size": "30"}'),
('e3000000-0000-0000-0000-000000000009', 'd0000000-0000-0000-0000-000000000003', 'a0000000-0000-0000-0000-000000000001', 'Size 31', 'QJ001-31', '8935001000019', NULL, '{"size": "31"}'),
-- Giày - 3 size
('e3000000-0000-0000-0000-000000000010', 'd0000000-0000-0000-0000-000000000004', 'a0000000-0000-0000-0000-000000000001', 'Size 39', 'GS001-39', '8935001000020', NULL, '{"size": "39"}'),
('e3000000-0000-0000-0000-000000000011', 'd0000000-0000-0000-0000-000000000004', 'a0000000-0000-0000-0000-000000000001', 'Size 40', 'GS001-40', '8935001000021', NULL, '{"size": "40"}'),
('e3000000-0000-0000-0000-000000000012', 'd0000000-0000-0000-0000-000000000004', 'a0000000-0000-0000-0000-000000000001', 'Size 41', 'GS001-41', '8935001000022', NULL, '{"size": "41"}'),
-- Trà sữa - 2 size
('e3000000-0000-0000-0000-000000000013', 'd0000000-0000-0000-0000-000000000005', 'a0000000-0000-0000-0000-000000000001', 'Size M', 'TS001-M', '8935001000023', 35000, '{"size": "M"}'),
('e3000000-0000-0000-0000-000000000014', 'd0000000-0000-0000-0000-000000000005', 'a0000000-0000-0000-0000-000000000001', 'Size L', 'TS001-L', '8935001000024', 45000, '{"size": "L"}');

-- ============ WAREHOUSE ============
INSERT INTO warehouses (id, tenant_id, branch_id, name, code, is_default) VALUES
('e4000000-0000-0000-0000-000000000001', 'a0000000-0000-0000-0000-000000000001', 'b0000000-0000-0000-0000-000000000001', 'Kho Quận 1', 'KHO01', true),
('e4000000-0000-0000-0000-000000000002', 'a0000000-0000-0000-0000-000000000001', 'b0000000-0000-0000-0000-000000000002', 'Kho Quận 7', 'KHO02', false);

-- ============ INVENTORY (Kho Q1) ============
INSERT INTO inventory (tenant_id, warehouse_id, product_id, variant_id, quantity, min_quantity) VALUES
('a0000000-0000-0000-0000-000000000001', 'e4000000-0000-0000-0000-000000000001', 'd0000000-0000-0000-0000-000000000001', 'e3000000-0000-0000-0000-000000000001', 50, 10),
('a0000000-0000-0000-0000-000000000001', 'e4000000-0000-0000-0000-000000000001', 'd0000000-0000-0000-0000-000000000001', 'e3000000-0000-0000-0000-000000000002', 80, 10),
('a0000000-0000-0000-0000-000000000001', 'e4000000-0000-0000-0000-000000000001', 'd0000000-0000-0000-0000-000000000001', 'e3000000-0000-0000-0000-000000000003', 60, 10),
('a0000000-0000-0000-0000-000000000001', 'e4000000-0000-0000-0000-000000000001', 'd0000000-0000-0000-0000-000000000001', 'e3000000-0000-0000-0000-000000000004', 45, 10),
('a0000000-0000-0000-0000-000000000001', 'e4000000-0000-0000-0000-000000000001', 'd0000000-0000-0000-0000-000000000001', 'e3000000-0000-0000-0000-000000000005', 70, 10),
('a0000000-0000-0000-0000-000000000001', 'e4000000-0000-0000-0000-000000000001', 'd0000000-0000-0000-0000-000000000001', 'e3000000-0000-0000-0000-000000000006', 55, 10),
('a0000000-0000-0000-0000-000000000001', 'e4000000-0000-0000-0000-000000000001', 'd0000000-0000-0000-0000-000000000003', 'e3000000-0000-0000-0000-000000000007', 30, 5),
('a0000000-0000-0000-0000-000000000001', 'e4000000-0000-0000-0000-000000000001', 'd0000000-0000-0000-0000-000000000003', 'e3000000-0000-0000-0000-000000000008', 40, 5),
('a0000000-0000-0000-0000-000000000001', 'e4000000-0000-0000-0000-000000000001', 'd0000000-0000-0000-0000-000000000003', 'e3000000-0000-0000-0000-000000000009', 25, 5),
('a0000000-0000-0000-0000-000000000001', 'e4000000-0000-0000-0000-000000000001', 'd0000000-0000-0000-0000-000000000005', 'e3000000-0000-0000-0000-000000000013', 200, 50),
('a0000000-0000-0000-0000-000000000001', 'e4000000-0000-0000-0000-000000000001', 'd0000000-0000-0000-0000-000000000005', 'e3000000-0000-0000-0000-000000000014', 150, 50),
('a0000000-0000-0000-0000-000000000001', 'e4000000-0000-0000-0000-000000000001', 'd0000000-0000-0000-0000-000000000006', NULL, 300, 100),
('a0000000-0000-0000-0000-000000000001', 'e4000000-0000-0000-0000-000000000001', 'd0000000-0000-0000-0000-000000000007', NULL, 100, 20),
('a0000000-0000-0000-0000-000000000001', 'e4000000-0000-0000-0000-000000000001', 'd0000000-0000-0000-0000-000000000008', NULL, 500, 100),
('a0000000-0000-0000-0000-000000000001', 'e4000000-0000-0000-0000-000000000001', 'd0000000-0000-0000-0000-000000000009', NULL, 80, 15),
('a0000000-0000-0000-0000-000000000001', 'e4000000-0000-0000-0000-000000000001', 'd0000000-0000-0000-0000-000000000010', NULL, 60, 10);

-- ============ CUSTOMER GROUPS ============
INSERT INTO customer_groups (id, tenant_id, name, description, discount_percent, is_default) VALUES
('e5000000-0000-0000-0000-000000000001', 'a0000000-0000-0000-0000-000000000001', 'Khách lẻ', 'Khách hàng thông thường', 0, true),
('e5000000-0000-0000-0000-000000000002', 'a0000000-0000-0000-0000-000000000001', 'Khách VIP', 'Khách hàng VIP giảm 5%', 5, false),
('e5000000-0000-0000-0000-000000000003', 'a0000000-0000-0000-0000-000000000001', 'Đại lý', 'Đối tác đại lý giảm 15%', 15, false);

-- ============ CUSTOMERS ============
INSERT INTO customers (id, tenant_id, group_id, full_name, phone, email, gender, loyalty_tier, loyalty_points, total_spent, total_orders) VALUES
('e6000000-0000-0000-0000-000000000001', 'a0000000-0000-0000-0000-000000000001', 'e5000000-0000-0000-0000-000000000001', 'Nguyễn Văn An', '0912345001', 'an@gmail.com', 'male', 'bronze', 120, 2500000, 5),
('e6000000-0000-0000-0000-000000000002', 'a0000000-0000-0000-0000-000000000001', 'e5000000-0000-0000-0000-000000000002', 'Trần Thị Bình', '0912345002', 'binh@gmail.com', 'female', 'gold', 2500, 15000000, 35),
('e6000000-0000-0000-0000-000000000003', 'a0000000-0000-0000-0000-000000000001', 'e5000000-0000-0000-0000-000000000001', 'Lê Văn Cường', '0912345003', 'cuong@gmail.com', 'male', 'silver', 800, 8000000, 18),
('e6000000-0000-0000-0000-000000000004', 'a0000000-0000-0000-0000-000000000001', 'e5000000-0000-0000-0000-000000000001', 'Phạm Thị Dung', '0912345004', 'dung@gmail.com', 'female', 'bronze', 50, 500000, 2),
('e6000000-0000-0000-0000-000000000005', 'a0000000-0000-0000-0000-000000000001', 'e5000000-0000-0000-0000-000000000003', 'Hoàng Minh Đức', '0912345005', 'duc@gmail.com', 'male', 'platinum', 5000, 50000000, 120);

-- ============ SUPPLIERS ============
INSERT INTO suppliers (id, tenant_id, name, code, contact_person, phone, email, address, city) VALUES
('e7000000-0000-0000-0000-000000000001', 'a0000000-0000-0000-0000-000000000001', 'Công ty May mặc Phương Nam', 'NCC01', 'Anh Tuấn', '0981234001', 'tuan@phuongnam.vn', '789 Cách Mạng Tháng 8', 'Hồ Chí Minh'),
('e7000000-0000-0000-0000-000000000002', 'a0000000-0000-0000-0000-000000000001', 'Đại lý trà sữa Tân Phát', 'NCC02', 'Chị Hoa', '0981234002', 'hoa@tanphat.vn', '456 Lý Tự Trọng', 'Hồ Chí Minh'),
('e7000000-0000-0000-0000-000000000003', 'a0000000-0000-0000-0000-000000000001', 'Nhà phân phối điện tử VTech', 'NCC03', 'Anh Long', '0981234003', 'long@vtech.vn', '123 Điện Biên Phủ', 'Hồ Chí Minh');

-- ============ VOUCHERS ============
INSERT INTO vouchers (id, tenant_id, code, name, type, value, max_discount, min_order_amount, usage_limit, status, start_date, end_date) VALUES
('e8000000-0000-0000-0000-000000000001', 'a0000000-0000-0000-0000-000000000001', 'WELCOME10', 'Giảm 10% đơn đầu tiên', 'percentage', 10, 100000, 200000, 1000, 'active', '2026-01-01', '2026-12-31'),
('e8000000-0000-0000-0000-000000000002', 'a0000000-0000-0000-0000-000000000001', 'SALE50K', 'Giảm 50K cho đơn từ 500K', 'fixed_amount', 50000, NULL, 500000, 500, 'active', '2026-01-01', '2026-06-30'),
('e8000000-0000-0000-0000-000000000003', 'a0000000-0000-0000-0000-000000000001', 'FREESHIP', 'Miễn phí ship', 'free_shipping', 0, 30000, 300000, 200, 'active', '2026-01-01', '2026-12-31');

-- ============ CASH BOOK CATEGORIES ============
INSERT INTO cash_book_categories (id, tenant_id, name, type, is_system) VALUES
('cb000000-0000-0000-0000-000000000001', 'a0000000-0000-0000-0000-000000000001', 'Doanh thu bán hàng', 'income', true),
('cb000000-0000-0000-0000-000000000002', 'a0000000-0000-0000-0000-000000000001', 'Thu khác', 'income', false),
('cb000000-0000-0000-0000-000000000003', 'a0000000-0000-0000-0000-000000000001', 'Nhập hàng', 'expense', true),
('cb000000-0000-0000-0000-000000000004', 'a0000000-0000-0000-0000-000000000001', 'Lương nhân viên', 'expense', false),
('cb000000-0000-0000-0000-000000000005', 'a0000000-0000-0000-0000-000000000001', 'Tiền thuê mặt bằng', 'expense', false),
('cb000000-0000-0000-0000-000000000006', 'a0000000-0000-0000-0000-000000000001', 'Chi phí khác', 'expense', false);

-- ============ SETTINGS ============
INSERT INTO settings (tenant_id, category, key, value) VALUES
('a0000000-0000-0000-0000-000000000001', 'general', 'shop_name', '"Cửa hàng OMNIGO Demo"'),
('a0000000-0000-0000-0000-000000000001', 'general', 'currency', '"VND"'),
('a0000000-0000-0000-0000-000000000001', 'general', 'timezone', '"Asia/Ho_Chi_Minh"'),
('a0000000-0000-0000-0000-000000000001', 'tax', 'default_rate', '10'),
('a0000000-0000-0000-0000-000000000001', 'tax', 'inclusive', 'true'),
('a0000000-0000-0000-0000-000000000001', 'loyalty', 'enabled', 'true'),
('a0000000-0000-0000-0000-000000000001', 'loyalty', 'points_per_1000vnd', '1'),
('a0000000-0000-0000-0000-000000000001', 'loyalty', 'tier_thresholds', '{"silver": 500, "gold": 2000, "platinum": 5000}'),
('a0000000-0000-0000-0000-000000000001', 'invoice', 'prefix', '"HD"'),
('a0000000-0000-0000-0000-000000000001', 'invoice', 'show_logo', 'true'),
('a0000000-0000-0000-0000-000000000001', 'pos', 'auto_print', 'false'),
('a0000000-0000-0000-0000-000000000001', 'pos', 'kiosk_timeout', '60');
